No.,Articles,Date
1,"Oops! Kentucky 2nd Grader Accidentally Orders Over 70,000 Lollipops!",2025-05-17
2,Thriving Ecosystem Discovered Beneath Antarctic Ice,2025-05-17
3,Why The European Space Agency Paid Volunteers Thousands To Lie Flat,2025-05-17
4,Mia DaPonte Is America's Youngest Female Master Scuba Diver,2025-05-17
5,Cardinal Robert Prevost Makes History As First American Pope,2025-05-17
6,The Ice Bucket Challenge Returns With A New Purpose,2025-05-17
7,The Papal Conclave Explained,2025-05-17
8,Philadelphia Zoo Celebrates Birth Of Critically Endangered Tortoises,2025-05-17
9,Get Ready For Mother's Day!,2025-05-17
10,Researchers May Have Found A New Color!,2025-05-17
11,Sharks May Not Be Silent After All!,2025-05-17
12,Baseballâ€™s New Power Weapon: The Torpedo Bat,2025-05-17
13,Free Comic Book Day Is On May 3rd!,2025-05-17
